{
  "Delete" : {
    "transaction" : "Delete",
    "sampleCount" : 86200,
    "errorCount" : 84315,
    "errorPct" : 97.813225,
    "meanResTime" : 48.58919953596336,
    "medianResTime" : 1.0,
    "minResTime" : 0.0,
    "maxResTime" : 28960.0,
    "pct1ResTime" : 5.0,
    "pct2ResTime" : 15.0,
    "pct3ResTime" : 3210.920000000333,
    "throughput" : 2855.250082808877,
    "receivedKBytesPerSec" : 7719.962373716462,
    "sentKBytesPerSec" : 12.011977527740973
  },
  "GetAll" : {
    "transaction" : "GetAll",
    "sampleCount" : 87005,
    "errorCount" : 84550,
    "errorPct" : 97.17832,
    "meanResTime" : 85.65641055111783,
    "medianResTime" : 1.0,
    "minResTime" : 0.0,
    "maxResTime" : 29099.0,
    "pct1ResTime" : 5.0,
    "pct2ResTime" : 17.0,
    "pct3ResTime" : 7585.990000000002,
    "throughput" : 2855.337862229661,
    "receivedKBytesPerSec" : 7940.259732101835,
    "sentKBytesPerSec" : 15.027896657887828
  },
  "Post" : {
    "transaction" : "Post",
    "sampleCount" : 86565,
    "errorCount" : 84429,
    "errorPct" : 97.53249,
    "meanResTime" : 52.296586380176954,
    "medianResTime" : 1.0,
    "minResTime" : 0.0,
    "maxResTime" : 28963.0,
    "pct1ResTime" : 5.0,
    "pct2ResTime" : 17.0,
    "pct3ResTime" : 2728.900000000016,
    "throughput" : 2852.7880305826525,
    "receivedKBytesPerSec" : 7692.19605425496,
    "sentKBytesPerSec" : 16.56706226931189
  },
  "Total" : {
    "transaction" : "Total",
    "sampleCount" : 432923,
    "errorCount" : 422167,
    "errorPct" : 97.515495,
    "meanResTime" : 57.556974334928064,
    "medianResTime" : 1.0,
    "minResTime" : 0.0,
    "maxResTime" : 29099.0,
    "pct1ResTime" : 17.0,
    "pct2ResTime" : 231.0,
    "pct3ResTime" : 9133.980000000003,
    "throughput" : 14207.239432922026,
    "receivedKBytesPerSec" : 38566.44602139874,
    "sentKBytesPerSec" : 73.03762598656144
  },
  "GetById" : {
    "transaction" : "GetById",
    "sampleCount" : 86776,
    "errorCount" : 84495,
    "errorPct" : 97.37139,
    "meanResTime" : 51.535793306904694,
    "medianResTime" : 1.0,
    "minResTime" : 0.0,
    "maxResTime" : 28962.0,
    "pct1ResTime" : 4.0,
    "pct2ResTime" : 15.0,
    "pct3ResTime" : 2455.9900000000016,
    "throughput" : 2854.3797901384823,
    "receivedKBytesPerSec" : 7681.706829904855,
    "sentKBytesPerSec" : 14.141476894263347
  },
  "Put" : {
    "transaction" : "Put",
    "sampleCount" : 86377,
    "errorCount" : 84378,
    "errorPct" : 97.68573,
    "meanResTime" : 49.52347268370077,
    "medianResTime" : 1.0,
    "minResTime" : 0.0,
    "maxResTime" : 28900.0,
    "pct1ResTime" : 5.0,
    "pct2ResTime" : 16.0,
    "pct3ResTime" : 2862.780000000035,
    "throughput" : 2852.797410661206,
    "receivedKBytesPerSec" : 7703.278234970523,
    "sentKBytesPerSec" : 15.602745289484115
  }
}