{
  "Delete" : {
    "transaction" : "Delete",
    "sampleCount" : 172947,
    "errorCount" : 145393,
    "errorPct" : 84.067955,
    "meanResTime" : 856.548988996639,
    "medianResTime" : 3.0,
    "minResTime" : 0.0,
    "maxResTime" : 25068.0,
    "pct1ResTime" : 484.0,
    "pct2ResTime" : 1063.0,
    "pct3ResTime" : 4009.0,
    "throughput" : 871.2826894109231,
    "receivedKBytesPerSec" : 2008.4198129804856,
    "sentKBytesPerSec" : 26.705270183554408
  },
  "GetAll" : {
    "transaction" : "GetAll",
    "sampleCount" : 180894,
    "errorCount" : 152094,
    "errorPct" : 84.07907,
    "meanResTime" : 830.1734551726272,
    "medianResTime" : 3.0,
    "minResTime" : 0.0,
    "maxResTime" : 24363.0,
    "pct1ResTime" : 483.0,
    "pct2ResTime" : 1068.0,
    "pct3ResTime" : 4005.0,
    "throughput" : 910.327960425337,
    "receivedKBytesPerSec" : 3367.359259569706,
    "sentKBytesPerSec" : 27.033334507556123
  },
  "Post" : {
    "transaction" : "Post",
    "sampleCount" : 176859,
    "errorCount" : 148205,
    "errorPct" : 83.79839,
    "meanResTime" : 848.3222793298665,
    "medianResTime" : 3.0,
    "minResTime" : 0.0,
    "maxResTime" : 24368.0,
    "pct1ResTime" : 483.0,
    "pct2ResTime" : 1047.0,
    "pct3ResTime" : 3468.880000000019,
    "throughput" : 890.7574452654004,
    "receivedKBytesPerSec" : 2046.3758267401874,
    "sentKBytesPerSec" : 33.96523614762602
  },
  "Total" : {
    "transaction" : "Total",
    "sampleCount" : 884466,
    "errorCount" : 741854,
    "errorPct" : 83.87592,
    "meanResTime" : 850.7753978106906,
    "medianResTime" : 1.0,
    "minResTime" : 0.0,
    "maxResTime" : 26121.0,
    "pct1ResTime" : 37.0,
    "pct2ResTime" : 3700.0,
    "pct3ResTime" : 5160.94000000001,
    "throughput" : 4450.972004851217,
    "receivedKBytesPerSec" : 11498.574803469703,
    "sentKBytesPerSec" : 149.0365895160357
  },
  "GetById" : {
    "transaction" : "GetById",
    "sampleCount" : 178875,
    "errorCount" : 149315,
    "errorPct" : 83.474495,
    "meanResTime" : 861.2897051013206,
    "medianResTime" : 3.0,
    "minResTime" : 0.0,
    "maxResTime" : 26064.0,
    "pct1ResTime" : 480.0,
    "pct2ResTime" : 1050.0,
    "pct3ResTime" : 4002.920000000013,
    "throughput" : 900.5663939584645,
    "receivedKBytesPerSec" : 2056.0167312382,
    "sentKBytesPerSec" : 28.049677470106985
  },
  "Put" : {
    "transaction" : "Put",
    "sampleCount" : 174891,
    "errorCount" : 146847,
    "errorPct" : 83.96487,
    "meanResTime" : 858.1019720854617,
    "medianResTime" : 3.0,
    "minResTime" : 0.0,
    "maxResTime" : 26121.0,
    "pct1ResTime" : 476.0,
    "pct2ResTime" : 1055.0,
    "pct3ResTime" : 4003.9900000000016,
    "throughput" : 881.0940436186667,
    "receivedKBytesPerSec" : 2027.4303350354296,
    "sentKBytesPerSec" : 33.3895197185795
  }
}