{
  "Delete" : {
    "transaction" : "Delete",
    "sampleCount" : 2000,
    "errorCount" : 1058,
    "errorPct" : 52.9,
    "meanResTime" : 44.45449999999999,
    "medianResTime" : 2.0,
    "minResTime" : 0.0,
    "maxResTime" : 581.0,
    "pct1ResTime" : 102.0,
    "pct2ResTime" : 130.24999999999727,
    "pct3ResTime" : 380.99,
    "throughput" : 1021.4504596527067,
    "receivedKBytesPerSec" : 1607.6912027579162,
    "sentKBytesPerSec" : 92.555980273238
  },
  "GetAll" : {
    "transaction" : "GetAll",
    "sampleCount" : 2000,
    "errorCount" : 1125,
    "errorPct" : 56.25,
    "meanResTime" : 171.97549999999984,
    "medianResTime" : 2.0,
    "minResTime" : 0.0,
    "maxResTime" : 1417.0,
    "pct1ResTime" : 535.0,
    "pct2ResTime" : 1212.8999999999996,
    "pct3ResTime" : 1334.99,
    "throughput" : 940.2914903620122,
    "receivedKBytesPerSec" : 2491.690724905971,
    "sentKBytesPerSec" : 76.7315504525153
  },
  "Post" : {
    "transaction" : "Post",
    "sampleCount" : 2000,
    "errorCount" : 1063,
    "errorPct" : 53.15,
    "meanResTime" : 59.40199999999999,
    "medianResTime" : 2.0,
    "minResTime" : 0.0,
    "maxResTime" : 1267.0,
    "pct1ResTime" : 113.0,
    "pct2ResTime" : 352.9499999999998,
    "pct3ResTime" : 408.0,
    "throughput" : 965.2509652509652,
    "receivedKBytesPerSec" : 1519.1249773769305,
    "sentKBytesPerSec" : 106.43070176761583
  },
  "Total" : {
    "transaction" : "Total",
    "sampleCount" : 10000,
    "errorCount" : 5374,
    "errorPct" : 53.74,
    "meanResTime" : 82.68119999999985,
    "medianResTime" : 2.0,
    "minResTime" : 0.0,
    "maxResTime" : 1417.0,
    "pct1ResTime" : 183.6999999999989,
    "pct2ResTime" : 369.0,
    "pct3ResTime" : 1242.0,
    "throughput" : 4549.590536851683,
    "receivedKBytesPerSec" : 8123.990115303685,
    "sentKBytesPerSec" : 438.040708172202
  },
  "GetById" : {
    "transaction" : "GetById",
    "sampleCount" : 2000,
    "errorCount" : 1069,
    "errorPct" : 53.45,
    "meanResTime" : 89.62950000000001,
    "medianResTime" : 2.0,
    "minResTime" : 0.0,
    "maxResTime" : 1267.0,
    "pct1ResTime" : 277.0,
    "pct2ResTime" : 396.9499999999998,
    "pct3ResTime" : 1095.92,
    "throughput" : 960.6147934678194,
    "receivedKBytesPerSec" : 1500.3400613892893,
    "sentKBytesPerSec" : 84.2803456712296
  },
  "Put" : {
    "transaction" : "Put",
    "sampleCount" : 2000,
    "errorCount" : 1059,
    "errorPct" : 52.95,
    "meanResTime" : 47.94450000000002,
    "medianResTime" : 2.0,
    "minResTime" : 0.0,
    "maxResTime" : 1269.0,
    "pct1ResTime" : 103.0,
    "pct2ResTime" : 144.94999999999982,
    "pct3ResTime" : 349.98,
    "throughput" : 987.1668311944719,
    "receivedKBytesPerSec" : 1548.622786586871,
    "sentKBytesPerSec" : 109.7654321939783
  }
}