{
  "Delete" : {
    "transaction" : "Delete",
    "sampleCount" : 100,
    "errorCount" : 0,
    "errorPct" : 0.0,
    "meanResTime" : 1.2700000000000005,
    "medianResTime" : 1.0,
    "minResTime" : 0.0,
    "maxResTime" : 7.0,
    "pct1ResTime" : 5.0,
    "pct2ResTime" : 6.0,
    "pct3ResTime" : 7.0,
    "throughput" : 118.34319526627219,
    "receivedKBytesPerSec" : 28.776812130177515,
    "sentKBytesPerSec" : 22.76719674556213
  },
  "GetAll" : {
    "transaction" : "GetAll",
    "sampleCount" : 100,
    "errorCount" : 0,
    "errorPct" : 0.0,
    "meanResTime" : 6.439999999999999,
    "medianResTime" : 1.5,
    "minResTime" : 1.0,
    "maxResTime" : 43.0,
    "pct1ResTime" : 41.90000000000006,
    "pct2ResTime" : 43.0,
    "pct3ResTime" : 43.0,
    "throughput" : 110.98779134295228,
    "receivedKBytesPerSec" : 249.01585044395117,
    "sentKBytesPerSec" : 20.7018243618202
  },
  "Post" : {
    "transaction" : "Post",
    "sampleCount" : 100,
    "errorCount" : 0,
    "errorPct" : 0.0,
    "meanResTime" : 1.24,
    "medianResTime" : 1.0,
    "minResTime" : 0.0,
    "maxResTime" : 6.0,
    "pct1ResTime" : 4.0,
    "pct2ResTime" : 5.0,
    "pct3ResTime" : 5.989999999999995,
    "throughput" : 117.23329425556858,
    "receivedKBytesPerSec" : 26.904125146541617,
    "sentKBytesPerSec" : 27.59103898007034
  },
  "Total" : {
    "transaction" : "Total",
    "sampleCount" : 500,
    "errorCount" : 0,
    "errorPct" : 0.0,
    "meanResTime" : 2.1939999999999995,
    "medianResTime" : 1.0,
    "minResTime" : 0.0,
    "maxResTime" : 43.0,
    "pct1ResTime" : 4.0,
    "pct2ResTime" : 5.0,
    "pct3ResTime" : 43.0,
    "throughput" : 553.7098560354374,
    "receivedKBytesPerSec" : 346.98574197120706,
    "sentKBytesPerSec" : 115.06782945736434
  },
  "GetById" : {
    "transaction" : "GetById",
    "sampleCount" : 100,
    "errorCount" : 0,
    "errorPct" : 0.0,
    "meanResTime" : 0.8100000000000006,
    "medianResTime" : 1.0,
    "minResTime" : 0.0,
    "maxResTime" : 4.0,
    "pct1ResTime" : 2.0,
    "pct2ResTime" : 3.0,
    "pct3ResTime" : 4.0,
    "throughput" : 117.23329425556858,
    "receivedKBytesPerSec" : 21.98124267291911,
    "sentKBytesPerSec" : 22.095728311840563
  },
  "Put" : {
    "transaction" : "Put",
    "sampleCount" : 100,
    "errorCount" : 0,
    "errorPct" : 0.0,
    "meanResTime" : 1.2100000000000006,
    "medianResTime" : 1.0,
    "minResTime" : 0.0,
    "maxResTime" : 5.0,
    "pct1ResTime" : 4.0,
    "pct2ResTime" : 4.0,
    "pct3ResTime" : 5.0,
    "throughput" : 117.78563015312132,
    "receivedKBytesPerSec" : 27.030881919905774,
    "sentKBytesPerSec" : 27.836057126030624
  }
}