{
  "Delete" : {
    "transaction" : "Delete",
    "sampleCount" : 82346,
    "errorCount" : 80454,
    "errorPct" : 97.70238,
    "meanResTime" : 57.70806110800795,
    "medianResTime" : 1.0,
    "minResTime" : 0.0,
    "maxResTime" : 28879.0,
    "pct1ResTime" : 7.0,
    "pct2ResTime" : 34.0,
    "pct3ResTime" : 3134.0600000001505,
    "throughput" : 2721.28222075347,
    "receivedKBytesPerSec" : 7350.154713834269,
    "sentKBytesPerSec" : 12.02869402676801
  },
  "GetAll" : {
    "transaction" : "GetAll",
    "sampleCount" : 83165,
    "errorCount" : 80727,
    "errorPct" : 97.06848,
    "meanResTime" : 81.33682438525882,
    "medianResTime" : 1.0,
    "minResTime" : 0.0,
    "maxResTime" : 28815.0,
    "pct1ResTime" : 7.0,
    "pct2ResTime" : 36.0,
    "pct3ResTime" : 5334.920000000013,
    "throughput" : 2726.4531357571386,
    "receivedKBytesPerSec" : 7644.789229235649,
    "sentKBytesPerSec" : 14.908177576795724
  },
  "Post" : {
    "transaction" : "Post",
    "sampleCount" : 82732,
    "errorCount" : 80583,
    "errorPct" : 97.40246,
    "meanResTime" : 59.956872794082756,
    "medianResTime" : 1.0,
    "minResTime" : 0.0,
    "maxResTime" : 28814.0,
    "pct1ResTime" : 8.0,
    "pct2ResTime" : 35.0,
    "pct3ResTime" : 4307.870000000021,
    "throughput" : 2721.8950485277182,
    "receivedKBytesPerSec" : 7330.306883841915,
    "sentKBytesPerSec" : 16.63992458669189
  },
  "Total" : {
    "transaction" : "Total",
    "sampleCount" : 413733,
    "errorCount" : 402924,
    "errorPct" : 97.38744,
    "meanResTime" : 64.96430548203897,
    "medianResTime" : 1.0,
    "minResTime" : 0.0,
    "maxResTime" : 28879.0,
    "pct1ResTime" : 48.0,
    "pct2ResTime" : 330.6500000000051,
    "pct3ResTime" : 12210.370000003622,
    "throughput" : 13563.237608182533,
    "receivedKBytesPerSec" : 36844.78591690843,
    "sentKBytesPerSec" : 73.37475848454301
  },
  "GetById" : {
    "transaction" : "GetById",
    "sampleCount" : 82932,
    "errorCount" : 80642,
    "errorPct" : 97.2387,
    "meanResTime" : 65.5583972411131,
    "medianResTime" : 1.0,
    "minResTime" : 0.0,
    "maxResTime" : 28878.0,
    "pct1ResTime" : 7.0,
    "pct2ResTime" : 37.0,
    "pct3ResTime" : 4978.960000000006,
    "throughput" : 2724.6205401143307,
    "receivedKBytesPerSec" : 7323.202660428577,
    "sentKBytesPerSec" : 14.18001603669755
  },
  "Put" : {
    "transaction" : "Put",
    "sampleCount" : 82558,
    "errorCount" : 80518,
    "errorPct" : 97.52901,
    "meanResTime" : 60.1302236003781,
    "medianResTime" : 1.0,
    "minResTime" : 0.0,
    "maxResTime" : 28815.0,
    "pct1ResTime" : 7.0,
    "pct2ResTime" : 37.0,
    "pct3ResTime" : 4733.950000000008,
    "throughput" : 2721.3633516827636,
    "receivedKBytesPerSec" : 7337.585845563998,
    "sentKBytesPerSec" : 15.891794673171376
  }
}