{
  "Delete" : {
    "transaction" : "Delete",
    "sampleCount" : 20000,
    "errorCount" : 17308,
    "errorPct" : 86.54,
    "meanResTime" : 44.825800000000065,
    "medianResTime" : 1.0,
    "minResTime" : 0.0,
    "maxResTime" : 6815.0,
    "pct1ResTime" : 102.0,
    "pct2ResTime" : 125.0,
    "pct3ResTime" : 1101.9900000000016,
    "throughput" : 1963.8648860958365,
    "receivedKBytesPerSec" : 4752.918180479183,
    "sentKBytesPerSec" : 50.8537442311469
  },
  "GetAll" : {
    "transaction" : "GetAll",
    "sampleCount" : 20000,
    "errorCount" : 17436,
    "errorPct" : 87.18,
    "meanResTime" : 122.72409999999984,
    "medianResTime" : 1.0,
    "minResTime" : 0.0,
    "maxResTime" : 6817.0,
    "pct1ResTime" : 115.0,
    "pct2ResTime" : 574.9000000000015,
    "pct3ResTime" : 3468.0,
    "throughput" : 1943.2568985619898,
    "receivedKBytesPerSec" : 5264.401450307278,
    "sentKBytesPerSec" : 46.46775104450058
  },
  "Post" : {
    "transaction" : "Post",
    "sampleCount" : 20000,
    "errorCount" : 17357,
    "errorPct" : 86.785,
    "meanResTime" : 53.16795000000033,
    "medianResTime" : 1.0,
    "minResTime" : 0.0,
    "maxResTime" : 6817.0,
    "pct1ResTime" : 106.0,
    "pct2ResTime" : 150.0,
    "pct3ResTime" : 1189.0,
    "throughput" : 1956.7556990509736,
    "receivedKBytesPerSec" : 4744.23731624841,
    "sentKBytesPerSec" : 60.85844630540065
  },
  "Total" : {
    "transaction" : "Total",
    "sampleCount" : 100000,
    "errorCount" : 86831,
    "errorPct" : 86.831,
    "meanResTime" : 64.37216999999973,
    "medianResTime" : 3.0,
    "minResTime" : 0.0,
    "maxResTime" : 6818.0,
    "pct1ResTime" : 123.0,
    "pct2ResTime" : 226.0,
    "pct3ResTime" : 1924.0,
    "throughput" : 9674.922600619197,
    "receivedKBytesPerSec" : 23992.70592090146,
    "sentKBytesPerSec" : 264.99792518261415
  },
  "GetById" : {
    "transaction" : "GetById",
    "sampleCount" : 20000,
    "errorCount" : 17396,
    "errorPct" : 86.98,
    "meanResTime" : 55.43504999999996,
    "medianResTime" : 1.0,
    "minResTime" : 0.0,
    "maxResTime" : 6818.0,
    "pct1ResTime" : 109.0,
    "pct2ResTime" : 166.0,
    "pct3ResTime" : 1174.9900000000016,
    "throughput" : 1955.4165037152914,
    "receivedKBytesPerSec" : 4739.943735945444,
    "sentKBytesPerSec" : 47.985233550058666
  },
  "Put" : {
    "transaction" : "Put",
    "sampleCount" : 20000,
    "errorCount" : 17334,
    "errorPct" : 86.67,
    "meanResTime" : 45.707949999999826,
    "medianResTime" : 1.0,
    "minResTime" : 0.0,
    "maxResTime" : 6520.0,
    "pct1ResTime" : 103.0,
    "pct2ResTime" : 125.0,
    "pct3ResTime" : 1109.0,
    "throughput" : 1957.138663274293,
    "receivedKBytesPerSec" : 4739.473116865643,
    "sentKBytesPerSec" : 61.65483719052745
  }
}